,714
brown,148
xanthan,2
kahlua,2
bars,10
pizza,1
peppermint,2
roll,3
chili,1
minced,21
taste,6
fudge,3
onions,4
grapes,1
seedless,1
liqueur,20
worms,1
beans,3
green,16
devils,5
milk,442
freshly,3
masa,1
cold,19
thyme,4
ricotta,6
citron,7
mix,129
yellow,36
the,2
degrees,312
fun,1
optional,74
glaze,3
unflavored,3
weed,3
unsulfured,1
drained,24
brandy,8
prunes,2
clove,4
active,255
sweet,9
vitamin,1
prepared,6
herman,4
wrapped,3
distilled,13
lightly,9
flaked,36
rice,9
link,1
marrons,1
starter,21
coconut,52
licorice,1
seeded,2
loaf,1
fresh,57
toasts,1
free,2
whipping,32
mint,1
cake,142
soy,9
amish,3
sea,5
chai,1
mangos,1
without,5
strawberry,1
baltimore,1
cornmeal,40
mixed,10
jimmies,1
fluid,15
pineapple,43
quinoa,1
eggnog,1
nutmeg,78
thawed,27
dinner,2
bran,13
filling,16
de,2
instant,58
puree,24
pinto,1
tartar,19
yolk,13
chunks,3
pears,3
sandies,1
sandwich,3
finely,22
applesauce,17
rosemary,9
ones,2
caramel,6
sundried,4
clarified,1
room,40
chinese,2
well,1
beef,1
sponge,3
rapid,1
crescent,1
crushed,42
pureed,1
chocolate,155
candies,1
jar,4
german,8
bouillon,1
lemonlime,4
colada,1
dash,1
wholekernel,1
parsley,12
oat,5
cranberry,3
lowfat,2
very,4
oyster,1
spice,5
roasted,1
jars,2
strawberries,15
banana,7
muenster,1
oil,321
margarine,147
nougat,6
dijonstyle,1
solid,4
loin,1
sunflower,5
fennel,3
ladyfingers,1
separated,6
lady,1
seed,31
root,3
frozen,35
raisins,105
segments,2
soda,312
cottage,7
thick,1
moist,2
sourdough,18
hero,1
beaten,75
flakes,10
powder,501
apricots,4
frying,11
yogurt,12
delicious,1
evaporated,27
stella,1
anisette,1
candy,6
soup,4
ice,5
amaranth,3
flaxseed,1
nonfat,20
sweetened,15
bell,3
water,475
dissolved,2
fruit,15
jello,4
whey,1
pecan,2
chives,2
dried,76
oats,31
wine,3
smooth,1
canned,18
buns,2
extra,4
chips,60
caraway,13
blackberry,3
pudding,40
chilled,15
kalamata,2
pound,2
pieces,4
macadamia,2
brewed,13
small,4
topping,25
kernels,1
cloves,39
reduced,3
vegetable,266
cubes,1
gluten,5
spreading,1
semolina,1
into,6
sour,76
walnut,2
candied,48
dates,12
graham,18
kidney,1
individually,3
maple,8
angelica,1
cracker,15
irish,2
lecithin,4
unbleached,14
process,4
reserved,4
black,9
apples,7
potatoes,4
mushrooms,1
ovalette,1
oranges,1
raw,1
jam,5
tomato,6
rosewater,1
gingersnap,1
mustard,1
firmly,1
bean,1
marjoram,2
rhubarb,4
neufchatel,1
cumin,1
wafers,4
f,158
cocoa,87
crisp,1
lard,5
buttercream,1
sifted,53
any,2
onion,28
mace,9
noniodized,1
imitation,4
golden,16
romano,2
temperature,40
baking,665
grain,1
parmigiano,1
gelatin,3
cheddar,23
cassava,1
icing,1
hot,30
salted,1
raspberries,3
cans,5
colaflavored,4
granola,1
monterey,1
c,154
pulp,2
orange,112
tootsie,1
semisweet,77
wafer,1
thin,2
butternuts,1
caramelpeanut,1
monosodium,1
size,1
mandarin,3
cover,2
coarse,1
dough,14
broth,1
cayenne,2
biscuit,9
jack,1
whites,68
vinegar,18
sugar,1154
sprinkles,2
cherries,42
strained,2
halves,4
see,1
nugget,1
scalded,6
provolone,2
whipped,19
unsliced,1
in,3
cooking,12
stems,1
coloring,19
mints,1
unsweetened,106
corn,34
kernel,3
real,3
cinnamon,231
hazelnuts,3
northern,1
eg,2
poppy,23
cut,8
tangerine,1
zest,82
chicken,1
sucanat,1
lime,6
grand,1
multicolored,1
beverage,8
shredded,46
zucchinis,1
marnier,1
pina,1
covered,10
sauce,14
italian,3
stiffly,2
spring,2
kalonji,1
carbonated,8
barley,3
gumdrops,1
arrowroot,2
juiced,5
chile,2
rolls,3
eighths,1
quart,5
olives,3
squares,43
cheese,124
thinly,1
tea,1
carrots,15
packages,79
mini,2
substitute,4
cones,1
red,19
rolled,18
pepperjack,2
wheat,75
and,61
rye,22
inch,3
coffeeflavored,4
compressed,6
marshmallow,4
boiling,32
seven,1
mocha,1
msg,1
english,1
glutamate,1
olive,41
canola,5
concentrate,2
rum,20
vanilla,405
noninstant,4
grapenuts,1
of,20
bottle,4
bread,159
coarsely,9
peanuts,4
vital,5
cream,201
allspice,29
caramels,3
dusting,13
white,911
gum,3
stone,2
crackers,2
miniature,8
granules,7
wheatfree,1
divided,17
sausage,5
brandybased,1
broccoli,4
walnuts,157
savory,1
potato,14
pandan,1
envelopes,2
harina,1
eggs,452
marinated,1
dayold,2
drink,1
glaces,1
such,3
galliano,1
cookie,5
for,31
condensed,15
crunchy,1
sesame,13
soft,2
oregano,7
butter,494
at,3
buttermilk,92
heavy,41
sevenminute,1
sauerkraut,3
dutch,4
plum,1
split,1
pitted,18
sherbet,1
shrimp,1
quarts,5
anise,5
cardamom,11
prosciutto,1
tomatoes,4
reggiano,1
spinach,1
syrup,29
molasses,30
refrigerated,10
filtered,2
carrot,1
malted,1
food,27
seasoning,3
stick,1
cider,4
extract,466
dark,20
citrus,2
celery,1
flavoring,3
starch,1
popped,1
creamy,3
trimmed,1
millet,2
flax,4
ground,434
blueberries,17
creme,7
peppers,9
package,205
macaroon,2
yeast,281
egg,292
flat,1
seeds,38
nectar,1
beer,9
large,8
fine,1
liquid,3
currants,20
gummi,1
pumpkin,32
selfrising,19
footnote,1
apple,20
hoisin,1
cubed,5
chestnut,1
vodka,2
confectioners,148
sweetener,1
germ,7
jalapeno,6
style,1
chestnuts,1
grated,89
cored,13
bittersweet,5
shortening,125
warm,210
toffee,3
jelly,3
creamstyle,2
recipe,5
cocktail,3
buckwheat,1
pickle,1
great,1
mashed,49
popcorn,1
pecans,73
kosher,6
mascarpone,1
cracked,3
cranberries,6
bananas,45
flavor,2
zucchini,23
rise,1
basil,9
ladyfinger,1
peel,15
needed,1
yolks,41
clear,4
key,5
superfine,1
heads,1
mango,1
peanut,15
mayonnaise,8
lengthwise,3
pink,1
chopped,2
unsalted,43
steel,1
skim,5
paprika,1
baby,2
spelt,4
super,1
roast,1
as,4
garlic,27
lentils,1
virgin,2
drops,13
fat,5
honey,70
crust,4
square,2
softened,154
cookies,7
pie,18
hard,1
cakes,2
ghee,1
can,96
sherry,7
no,2
ripe,14
peaches,4
pork,6
pastry,5
pistachio,5
toasted,12
medium,2
doro,1
preserves,7
amaretto,2
mozzarella,9
rings,2
dryroasted,2
matzo,1
plain,9
ounce,474
strong,11
peeled,23
dr,1
nuts,2
ginger,21
cooked,4
apricot,8
with,21
steamed,2
crumbs,17
to,10
barbecue,1
almonds,30
cherry,11
or,10
whole,75
maraschino,13
cornstarch,19
loaves,1
allpurpose,619
coffee,30
slices,8
packed,115
angel,1
parmesan,18
lemon,102
tapioca,1
lukewarm,6
lemonade,2
butternut,1
light,31
candycoated,2
boneless,1
frosting,8
cornbread,1
dry,320
bottomed,1
raspberry,2
slivered,10
flavored,33
mincemeat,2
shallots,1
chocolatecoated,1
marshmallows,7
puff,1
grape,1
halfandhalf,1
asiago,1
pepper,18
machine,11
cheesecake,1
menthe,2
cereal,12
persimmon,2
nut,2
paste,3
quick,12
cooled,2
dessert,1
meal,3
juice,115
rinsed,2
salt,736
biga,1
powdered,8
flour,929
container,23
pack,7
blanched,14
butterscotch,1
raisin,2
muesli,1
friendship,3
berries,2
pimento,2
almond,50
sharp,9
pepperoni,5
dill,6
